Id,target
0,-184.03266821993236
6,-172.4624383430381
7,-86.67205508813534
8,-94.93092096219279
12,182.08278220904324
14,-144.36555011966115
17,8.607872037156811
19,-4.802443316245656
22,107.32857287719538
23,178.98332306438252
25,-225.89688723576444
26,-101.27920424152957
29,-45.69842153321032
30,-39.20112697743967
31,-23.058030876452037
32,92.51156945301484
33,-393.81532643390835
43,28.285478110519804
44,-262.1326662076119
45,-123.03820931063923
47,5.169381063329796
48,-176.09677419714265
51,17.054151832991792
52,-35.52170063837353
56,95.19023961676182
58,-35.47249331412924
59,-49.87874743319226
61,-111.63023839561531
63,-140.7621705071576
65,58.42044881453636
67,-71.3538860354878
68,36.25305153576177
69,-69.25908056097644
70,-65.892193271985
73,-120.99468175070903
75,-113.73417385760503
76,102.37150902743723
79,166.75810966838836
80,-2.292320804529238
82,221.62495741150983
84,55.502929276926594
87,82.45751486075473
88,99.31130463183011
90,52.57797465973779
92,-183.4780479126853
93,-159.4906450522462
95,93.88895714695225
96,-118.67093868754826
99,-6.260047073938791
100,-68.24046470004872
102,335.43096893662783
103,-107.88444133048186
106,-162.71665901161964
108,63.677767788763205
109,-150.00905759060748
111,-100.93401105490359
112,61.395677963047504
113,100.23562936552146
120,194.84656872624635
121,-113.22534621732537
122,-140.49882019855087
124,11.223673660242712
131,-138.09465247699978
132,-213.21916474771874
134,117.55028459958855
135,-35.58527839431831
138,-36.0851764181473
139,19.6472536257714
141,-5.561870892804178
144,-87.27358393473928
149,20.299889539658906
150,142.91857752570712
151,-43.45754030598461
152,-229.8895607302746
155,-15.725826375420452
156,127.25303844369292
157,270.72699177404155
162,-27.449868720705084
166,137.7658876937488
168,-10.955794668193688
170,167.5804949005767
173,232.55701090212688
174,159.98768726452798
175,146.5488052728106
176,348.8705407958938
177,27.565907070174873
178,44.23245331080294
179,108.15896233721905
180,-15.581043493315105
183,170.8775880315614
184,42.040878413687594
187,-16.401171063079587
188,297.7676211700219
191,119.62493461218621
192,-91.43558483967529
194,104.25991083727713
195,-96.91021622802363
196,81.9558906414372
198,296.6517303307737
199,-76.27955065793937
203,-38.75908114729073
204,-139.95873593263804
205,35.765915718626175
208,32.34440641767152
209,17.800237432964664
210,-85.84394335424652
211,9.178686354055133
212,-107.64386166649676
214,104.26355771492679
217,-96.20557648452107
218,-81.09875549519303
219,-131.75130543254025
220,56.706651722995176
221,161.56719629415804
222,-183.00345283008414
226,-26.779864734004846
227,-111.7751300414365
228,162.4477775192665
229,153.5909222524277
230,175.46866181225582
233,63.34440486871107
234,85.8809767633639
238,-176.66920683127918
239,-58.758566432277135
240,-42.5401847294297
245,-105.67751145291525
246,-54.76759530083062
247,-60.118463628804264
248,-75.22961677493343
251,144.02820083904538
252,6.208869879635687
254,2.363720409355823
256,-69.2607748847269
257,-184.8058419681103
258,-19.945867011462738
259,121.44100105060231
263,15.751076618513666
264,-120.85052968524549
266,-109.09967026646937
267,19.599898193377086
268,6.048284444801043
270,-15.578924603212625
272,159.21460045946307
274,-124.54457659330525
276,-119.06970501976072
278,-91.9220924658341
279,234.14527004590786
282,107.97242785560566
283,8.199209273762834
286,-69.59406597490245
287,-152.1729272254918
288,-238.40534653457004
289,7.6354688124903465
290,237.41602497501455
291,148.57115222834048
293,-77.43482973717032
295,166.2196790898209
296,34.17845333627132
297,108.57064218962232
298,-42.74609535842363
299,12.523397268041963
305,-19.655336666480494
308,-57.948212289744404
309,-72.27942517105721
313,54.942414824808154
314,-57.48317618408042
315,-75.86278396563408
318,-36.622928249976226
319,146.9797261834353
321,47.3710948146322
322,7.097196140806362
324,-77.20313407227404
325,-4.484750151492575
328,11.410991120381924
330,-123.86914712136677
331,1.6379486477246292
332,9.23956964501919
333,-12.358012804309665
336,2.057692464542855
342,89.4857753914434
343,-51.193254719672936
346,8.019408015972902
350,88.61045857658546
351,-141.75213750886982
353,181.6064917345728
354,18.171496664564316
356,-4.33542305511598
358,122.12201499079832
360,53.622890120053015
361,-14.92433748501166
366,-52.77699412142688
367,-34.68832597039555
368,10.184743454091988
370,-190.2045424127913
371,133.32373074733584
373,-101.47577904212626
376,110.99784628384678
378,84.47745218509827
381,-14.275670110365196
382,166.88405877450106
383,-118.58681241530142
386,-17.370593395291152
387,-27.650536327040143
393,220.08003728877054
396,411.87999793223247
397,264.2991933290291
402,98.01788159718832
408,-32.735640789656784
410,152.0901493945319
411,253.8823576918042
413,-57.391052950061706
414,-65.92864759035804
415,-50.74626667287011
416,10.09219789288055
418,-267.8961139953069
420,-197.74607820739757
422,-15.976888038246484
423,159.7684105046872
426,193.2477360108811
429,13.273108292842453
430,132.68642028189467
432,-53.67395816513668
433,30.39236958372591
434,-36.13653722304413
436,-108.83049227758862
437,160.6044620146011
438,63.94711330020702
439,-115.5300975105237
442,99.33381658401107
443,-19.694855101224718
445,29.692791356963326
446,117.70140299383449
448,-133.60521629401126
449,31.637523021276124
450,154.66436700582312
452,-55.479182877264336
457,-36.59798193925384
460,236.89533870186693
461,-117.5801638447367
462,85.08366537337149
463,-99.22586728266829
465,-250.17196054524402
468,-9.648482010888712
471,163.64675946236932
472,6.9415179637812106
475,-44.68225765419906
478,31.201353786084766
479,-90.77750701892539
484,36.10990901962664
485,-133.81898538450451
486,-48.54673348130531
487,-37.37253596108194
490,154.2569528913288
491,-12.772399345236705
494,-211.95754735365122
495,-109.01571919604048
497,16.254761072999756
498,-13.429605796502967
500,-50.35658488794515
501,-70.090291065888
505,90.57685626332331
506,183.87204722184896
507,-227.92623169554489
508,-59.91155243300325
511,75.81191243397889
517,91.32378385034222
518,51.345504427891754
521,-177.32392739723196
522,43.639308613064756
527,-214.81595482890995
528,318.3044916747493
530,-77.9326146583566
531,258.93957368987134
532,-49.504707120211364
533,17.451713566738206
534,-167.58043713005375
535,91.30018739161518
538,296.26643486289885
540,-43.08317512333754
541,169.86858233394057
543,51.759720228371876
544,42.480362379806124
546,104.58628481965728
547,-79.30863478928471
549,26.58790684476837
550,-7.041110461146344
551,143.52675246571326
553,-241.18819217839513
554,23.57353844493197
555,175.0585919719826
557,18.582871368969407
558,205.9952634628394
561,-36.61926576816926
564,106.59213932215938
565,-1.226280036616016
566,30.138775254155448
567,168.24153013621756
568,124.76524310823199
570,5.8050852713333985
572,-316.3762106102459
573,108.13527564472493
576,2.003170047534768
577,96.16546073840804
578,-3.251071078662461
581,121.72445952276799
582,85.00068076651537
584,39.435403290304365
586,-126.7752230450029
589,237.13305887518464
594,-95.72711370190383
596,11.794869118507153
597,189.21421236438752
598,-137.01658004477756
599,-42.70816765893967
601,86.83284756965365
602,-104.75824722872902
604,-136.63241737487652
605,-78.85905988387812
610,160.68115031630293
611,348.5682996583699
612,98.09413982203442
613,-163.1130750151177
615,52.480245306792014
617,259.30154697800253
618,-49.936018413949554
620,-197.9172503436075
621,134.084195822089
622,146.97068354796423
624,95.39297546446925
625,62.71555826803619
626,-59.944955315866665
627,221.01048508045588
631,-164.9382205573589
633,-15.124770854818605
637,-240.27706132995388
639,-35.78598688935055
640,-37.98096535448643
642,122.21795573387904
643,219.177314426359
644,96.28048241225063
647,152.5870766072133
648,301.75669044234377
650,-63.15556575963829
652,137.4589925253908
653,6.979280500559797
654,-101.61374093885614
655,-38.51947871159753
657,72.76376332347893
658,300.249619969971
660,0.3928358817949391
662,-180.10869285990057
665,108.9962148253634
668,156.7645843841101
669,-86.46798398105135
670,134.38951520995855
676,50.491229656300234
677,208.0464048970051
678,-88.68539380877094
679,-103.02099114865571
680,100.28774498349632
681,-83.74527092815522
682,97.46120108882103
683,81.8159837773642
685,247.47796864296168
690,164.8129433523409
691,244.82438136046272
693,29.924699096609444
695,-202.9631387942277
697,327.9047645305767
700,72.10802876873593
705,138.8350270067436
708,7.839858436852255
711,6.10249958339479
712,-103.71781235083755
718,-85.4787203152756
720,50.961238279320284
721,5.299191162645672
724,-99.65441926502253
725,-69.6701053405745
727,23.75444177078718
729,-38.158287088426206
731,237.83241200403666
733,6.435989400877405
734,219.3587954541132
736,-25.63232785730652
739,-82.47096237633745
742,-35.676911265497566
744,-89.87566451951552
746,2.800808965118579
748,-71.24546146893316
751,27.48537073287453
752,-151.43179432310473
755,-101.25117016642041
756,-36.2875566269348
759,3.757346879969008
761,83.937712696644
763,117.79794892362837
764,-149.42374274945243
765,156.74115163848342
773,-75.09667929674636
776,-51.455279183872776
779,-170.492045366672
781,73.9732703591334
782,-12.324403580913993
783,77.55959304166679
785,-44.55207595436697
787,-100.8668177729523
789,102.02017913297398
790,-18.55814687319979
794,42.369810461360274
796,67.0767971718128
798,-196.97022845985472
800,176.41417390738255
801,-31.460564460980876
802,-109.69712075769077
803,-326.61997364851266
805,27.164454974620284
807,72.81532167837669
809,-272.4907119279464
810,-3.6259743840742953
811,-152.26347395628252
812,-108.19611734863098
816,-133.3671668132299
817,-173.1996178921647
818,153.9912050752118
820,-50.473192225844244
828,-73.91917289014397
829,-75.0781078112545
831,70.505153289413
833,-27.77517747990551
835,114.72967356273564
836,40.63551227371876
838,73.28093362451305
839,49.409961286022025
840,5.912494951422007
841,197.4553410506919
842,-11.957990854068198
843,73.49907310065608
847,-100.60350440941524
852,-101.4565577599035
856,197.37740152194291
857,292.7276433160236
859,-5.210074696443071
862,-288.2981763981591
864,-157.80682278054888
865,-46.57238429829367
866,38.6750048061901
867,-237.87324225723938
869,-43.17222142504674
871,-14.89690594475418
874,-129.29153160443533
877,87.61217586454747
879,2.355528406049176
880,-132.9061018054197
881,189.87408915221351
883,70.09364542488673
887,22.222951247615256
888,-112.85598277896533
889,-1.309065595104455
893,-19.771488863891378
896,36.857036729548966
897,-115.67524987081252
898,4.852551000212474
903,257.4168162648452
905,-271.75157109551407
907,-143.72521776986784
908,45.963578954845715
910,-226.379648799542
911,164.0257590752935
912,-102.15153734482236
915,7.6972364207877195
921,-364.01932114604324
923,134.8486120266702
925,56.40615389756498
926,126.96919459218934
927,-189.890124309391
929,-185.84050399030832
930,3.4201140265496566
931,-27.86899762802655
932,104.5544250471197
937,27.634883848345808
940,-74.68009860541007
941,122.4203454370536
942,-71.37311634428279
944,-154.786706765829
945,-52.60300143823024
948,-210.40377078541073
949,-35.025995005951685
952,15.338654151483341
958,-231.9675343350939
960,-28.815627541451178
964,158.8153686372137
965,129.49764490466768
967,-112.52913838476776
969,-59.666637258505986
976,-56.12511414959319
977,345.21154213180023
978,-114.74257605422896
979,251.06224615534842
981,-33.6893760858738
985,125.80516068061642
990,-64.6487291427445
994,178.77206114566226
996,-72.61296789214786
997,14.393248063372186
999,-130.41500440525604
1001,123.6996541620877
1003,-91.70113224876935
1006,63.234209312863456
1010,-46.94556035743635
1011,192.18096387595676
1017,70.6310510204767
1018,-63.66222738425036
1019,-2.9747793994430207
1020,-111.38145005457996
1022,24.34974038513839
1023,4.692063196203309
1024,-116.40436196067243
1025,-20.949548645746674
1027,-21.182192874623766
1029,-122.03377409835853
1032,-148.86468782492665
1033,83.0967234419105
1034,-94.85614492332549
1036,-173.91288792290354
1037,-212.79222620251323
1038,-25.099706268199427
1041,-194.89935490271654
1042,-8.817744073236993
1044,29.608113925214454
1046,66.88270926469521
1047,-119.91201358000701
1049,170.5457228329516
1051,-26.579322577301966
1052,-0.034323343271791984
1053,-153.9790242026996
1055,117.99784222835898
1056,188.6095413198051
1057,61.21830522518307
1061,-0.8320756175193207
1064,-11.691640112691728
1067,-2.644549782825875
1068,-133.7934534029911
1070,-132.4176437921488
1071,-29.56735944633691
1073,25.25919565815734
1074,-328.8417817563998
1075,-177.69699213006567
1078,102.45847185454848
1080,-127.57257161031806
1084,14.915855315918025
1088,119.85296689720049
1089,-173.72655518071326
1090,-26.05995670325622
1091,24.874795139802373
1094,-85.14118059665331
1095,-13.784656645877574
1096,-24.83595073164794
1097,-160.3723999391361
1099,-191.7267192978045
1101,-23.537577598015233
1102,-76.45897618395934
1103,9.772109998230848
1104,-64.4892978238921
1105,8.607293427736339
1106,-83.18347432889384
1108,-37.92900559248632
1110,277.8941772895932
1113,-108.98695797274438
1114,162.154176072668
1115,-89.54232443902218
1116,-15.724444644037815
1117,-22.66772952323926
1119,-134.7264105140814
1123,165.6465070020663
1124,186.22069773421956
1126,67.7935253841692
1127,-31.631763577736123
1128,-18.082456740190693
1129,-10.264900615154643
1130,287.47387973569636
1132,-232.33991075588122
1134,12.448981004636481
1135,0.3479110728403203
1138,-173.3441216849959
1140,31.092352143901778
1143,112.2310480989908
1144,16.409559743523673
1146,-154.9829312306197
1149,118.74147683055882
1151,-120.11530373794388
1152,-115.34885173988785
1157,46.298812581609766
1158,54.15117630780263
1159,10.882604477917441
1161,289.3154377178366
1162,-150.4190104536832
1163,-63.213826198454754
1164,-35.57041623050664
1168,-25.191881098351914
1170,-231.00315109287962
1171,-21.091479280724045
1172,59.994917508673964
1173,-25.08646862228663
1174,101.76620076337947
1175,249.9589257476219
1176,-165.12786066208426
1178,-20.47268606658629
1180,-63.71828757310168
1181,112.29125755049925
1183,65.95933996587779
1185,262.0218247180127
1186,33.46785165517214
1187,-125.45818490945972
1188,71.28851658421247
1189,199.82880751028762
1192,-37.29276012496622
1196,25.796712169499116
1197,-158.08321404021223
1200,41.91290774819409
1204,90.55173718989509
1207,-139.968590067477
1209,-170.48513391731709
1210,78.19135014469528
1211,-240.17901369262907
1212,-335.92543650844465
1213,6.623072465332699
1215,-42.24304764248107
1216,178.96611719891766
1220,121.35523260148999
1221,-92.34662095751558
1222,20.87828668664595
1224,58.90750858323268
1225,50.13059792033438
1226,-16.64133861878851
1227,-50.13209846717943
1228,-183.80360553673654
1231,47.74682597744719
1233,-175.40214240071086
1235,-38.16807678211548
1236,-106.89092490935293
1237,82.22244781210888
1238,-147.38418512687844
1242,5.9802213038366165
1244,-145.27538936095993
1251,151.2969691242111
1253,-1.0879776563234156
1255,-19.798813985933307
1257,323.54440705442136
1258,110.38367726026864
1260,-6.581813410115741
1261,74.15400215731692
1263,42.307411881488676
1264,-133.566681207759
1268,-139.43457585309844
1270,-50.09028521188485
1272,-41.335555252341365
1277,-13.150105802064628
1278,37.21541785028286
1281,-224.81258693872178
1283,-19.69730284529969
1288,-226.21436724368186
1289,71.36961968596638
1292,228.13345961203635
1293,4.497676708661105
1295,-149.66283939298157
1298,58.952193105779074
1299,-89.29481435395657
1302,-96.62246745680424
1305,15.824023170008518
1309,203.57330609944862
1313,173.52155249166663
1315,-151.2066249144437
1320,-38.16397677114723
1321,-295.46807447754196
1322,73.98952971845624
1323,-22.915832019312617
1326,358.6277233265276
1330,290.24104161787835
1334,-71.30058831190642
1335,187.68870490094713
1336,175.4969052042174
1337,-61.65960250368239
1338,-202.06055361233325
1340,-82.47604897504355
1344,55.39698793032436
1345,93.02472465041133
1350,108.24159432035616
1351,-107.17003599186553
1356,94.20708840115113
1360,31.304669741612074
1361,-89.6167822588158
1362,171.10879696635462
1366,-229.515155518709
1368,31.862734048490196
1370,-180.95691368784742
1371,11.002852272165272
1373,-53.42321637404676
1374,-26.780067052092207
1375,51.428826911472086
1377,63.48146899140214
1378,-144.08655104786456
1391,-217.8854778307263
1392,143.08561897304503
1393,182.72379317277193
1395,243.55190650998045
1397,-27.568164970297616
1398,-110.01186250491985
1400,-155.2409586606716
1402,101.66170855336334
1404,145.01111792849423
1405,-108.235960021412
1406,-328.52249772770534
1407,-160.12915984362047
1411,-141.56031391323108
1412,-206.0114032524144
1413,47.12012247439215
1416,-76.36099882799833
1417,-5.2486571440437455
1419,18.799170164078433
1420,-24.50239027959877
1421,-26.9751292086559
1422,11.817237528396037
1424,-54.398845002091676
1425,-62.43358571394232
1426,143.17243443944315
1427,2.530395707557277
1429,230.0652632148215
1430,90.7124311171771
1431,-133.27607846199152
1432,-9.116451213326611
1433,-37.24105870846746
1434,1.7993042532764196
1436,-62.51248039834668
1437,15.167365900415222
1438,135.3649542745749
1444,-60.77602320784352
1448,-192.72263667031928
1450,-110.76349634651912
1451,-133.13500121833508
1454,168.54087558352657
1455,-152.67107237715837
1456,-126.57674144618058
1457,-125.77409544190657
1461,-127.62750443876642
1464,101.81754016241523
1467,201.4110549560246
1468,50.83892830126284
1469,308.008061967031
1471,155.04954377012348
1474,-129.97860749130697
1476,19.364335570482083
1477,144.44580268983424
1479,240.2185241835392
1480,34.707554378745456
1482,198.63346234123273
1483,214.4621119230213
1485,-151.7143098664289
1487,-209.2219048700206
1488,-13.964515729198707
1489,-258.05306026896903
1490,129.18378624410138
1491,-29.06663011459038
1497,-12.34423219197812
1498,45.933273109146356
1499,128.41850591811283
1501,-82.11599878013665
1502,-234.5647212788707
1503,-23.208067721311025
1504,151.01373795860627
1505,125.20564154366501
1506,-406.9616547174327
1507,26.506135139814305
1509,-91.23535176148927
1510,-46.845496072184105
1512,-14.511242323782126
1513,-4.975165084217549
1514,-97.07087204750654
1515,104.6325557672203
1517,-32.38699440026484
1519,170.06945059856326
1522,-228.43296415332958
1526,282.7810121233526
1532,71.08158320457672
1533,1.282530152352722
1534,-66.01909500646256
1536,55.6694869607597
1537,-15.135113067026039
1538,216.91756210300898
1539,-113.09608759854915
1541,62.51492649941572
1543,15.81585949702536
1545,220.61201516976206
1550,-195.90442137355316
1551,23.454949298618757
1552,-14.412739111216764
1553,-66.81947588561049
1554,162.36645087057732
1556,5.64440747695288
1557,31.666775127280587
1558,-90.6514785133986
1563,261.5641339376749
1564,-53.48210437706696
1565,-95.13748895243448
1566,-14.291139845473294
1569,-87.16060121289304
1572,-187.41831090331837
1578,16.634407371858074
1580,-186.93624580658798
1582,-111.00599449592532
1583,19.928514255218587
1586,78.59406269091293
1588,198.55918395331923
1589,41.352221001509506
1590,-30.636961844610468
1592,35.04716730313085
1593,22.225907571626962
1595,307.99338299311347
1598,145.5015121831585
1600,99.31623920262324
1602,-4.600687612003112
1606,-143.64565735808867
1609,66.9361982126773
1610,-132.6611043894079
1611,-26.26013193519934
1612,114.32349180845772
1614,72.60790484061415
1615,217.25748420474983
1616,123.2584667947486
1617,138.03436861205526
1618,-87.90174660029332
1620,-317.52005783328264
1621,-110.43047063323449
1623,221.33466241428806
1626,72.36166868408601
1627,-38.30461206124427
1629,-171.17733061516833
1630,46.751302458029286
1632,5.4431328327029735
1634,6.083066117170988
1641,38.67554455123154
1642,-40.85849760450087
1643,187.7324421009683
1644,58.334186135815614
1647,-17.05022433347027
1649,-50.61345308094495
1650,155.83240279675587
1651,-180.6054418970166
1652,-130.4460894964373
1653,139.92985104846366
1654,147.53139481433095
1657,67.15876614214496
1658,-71.98832906517855
1659,101.98890330191365
1662,37.96676250940253
1665,-53.36455516690582
1666,100.83396858900763
1669,-168.34714918051182
1670,60.005080403814716
1672,56.05648816439758
1675,-279.36014959591097
1683,127.10825105628855
1684,-188.3623163379751
1688,-31.2363257082839
1691,-161.3998515335868
1694,4.76192986676371
1697,-57.405206590599775
1698,96.10844472034226
1699,199.91664995230016
1702,-10.233834027762226
1703,34.58226741911362
1705,197.56872686070432
1714,-87.86221314268396
1717,-54.14686784026493
1718,173.7580300951738
1720,-96.95656811298754
1721,-80.87372810141302
1723,100.26791986619482
1726,-53.46548272396684
1727,-148.73737019297755
1728,-167.35316024172863
1729,-46.990960373369845
1730,-220.51488340634384
1732,-183.1433824044984
1736,-56.731621985027104
1738,-204.2855247771441
1739,145.118305934371
1740,-214.84803483770472
1741,69.17358950986089
1743,10.66589719028862
1744,64.16407411762584
1745,37.08660973988184
1746,43.03049077512999
1747,115.56805008316688
1749,123.44342373157902
1751,-127.85541628917609
1752,85.27440838055425
1754,106.45267649503741
1755,116.40967728467474
1756,233.25862713127106
1758,89.1839802704841
1760,71.26195834537965
1765,12.22988625948439
1767,42.411073667198835
1769,270.6731287635981
1770,-146.44049271915975
1773,58.42823412940844
1774,-148.5663288549714
1775,-11.788188612437223
1777,232.9624255807684
1778,-85.73352653555436
1779,-10.71620454964649
1780,167.0722888319127
1782,258.71650118689985
1783,-38.87415888148381
1784,-128.2359343652508
1786,182.6585551435597
1787,-136.26381829296113
1788,208.08454813454387
1789,-53.46144288569131
1793,-57.438766927516824
1800,-61.204671338241965
1803,40.501808164920945
1807,-164.32398057456865
1808,15.532750603662963
1812,-64.2721933276974
1813,-159.33550863399532
1814,-60.0314574243594
1815,-33.584932257607065
1818,-163.2636495945473
1820,194.1046833092098
1822,-183.03755536799594
1829,-18.0168362855497
1830,-165.336086360162
1831,-150.56717751623563
1832,28.768263028902894
1833,46.85245960103573
1835,-27.93708643948075
1836,90.18480884889739
1837,53.19174765971256
1839,32.224203523023064
1840,94.96326775299217
1842,13.586341189193108
1844,53.19232731944375
1846,-48.06089093148141
1849,-22.97433233021779
1850,82.63531835865065
1859,143.02956709483297
1860,105.66149556400278
1861,-266.8614198666199
1862,-128.94249314394247
1864,-161.54576124409436
1867,93.65670297561984
1869,-106.29858460307928
1870,-69.50634611779292
1871,-66.46671395589378
1872,58.113243165719425
1873,91.27053078932958
1874,-172.52122799695698
1876,35.9873523667588
1877,133.49819793694405
1878,2.1181260511756808
1880,20.909224672360736
1881,20.92857117035929
1885,-102.54401511933706
1886,91.78357942952762
1888,14.236867097747693
1891,43.39804496138048
1892,-362.90763475950547
1893,-229.1208613360529
1894,-38.4536106004265
1896,-101.8944531705795
1897,-163.02109623735905
1898,-268.22983448798044
1900,-27.886462065784926
1902,-319.1044894718909
1903,107.05829011052172
1904,152.6267030217453
1905,-206.18006604898272
1907,-368.08421240367267
1909,-150.85374768897304
1910,-105.49737539619271
1912,-205.36376666134748
1915,-180.45563869690963
1918,226.81094372932256
1919,94.62647069679575
1921,33.887542310343534
1923,-99.03299507655201
1924,55.88551786237669
1926,80.29233100746971
1928,71.33188105709384
1929,-51.542981166468124
1932,-16.176409637677708
1934,-125.41598586083417
1935,193.51179844882665
1936,-80.33021366419219
1937,-5.6023284165390645
1938,-321.6308404097036
1941,134.72708666137618
1942,-151.94307447894562
1943,179.87184150831104
1945,-14.520589075961011
1946,-89.06264004568443
1952,68.43127377792287
1954,231.61282578032595
1957,-229.5801420891285
1961,-95.4418052071009
1962,-161.37099899788893
1964,-39.11720945038154
1965,-48.71834914176536
1966,26.596351161871368
1967,95.57729982956029
1971,-52.77641062162296
1972,10.423922886901993
1973,-180.34073087961667
1974,22.682061785592126
1978,35.05825565496134
1983,-29.18808692000998
1988,56.35771543591271
1991,12.053352839413849
1992,91.97214307213126
1995,-102.42596199422151
2002,189.32028757128725
2004,46.09763866016557
2005,-148.32684633752993
2011,113.8991900707445
2014,322.47415601321876
2015,-43.71130855573416
2016,23.797590207263553
2018,-55.519627743483326
2019,64.25794858279666
2021,44.42600195561941
2022,-167.0064157289299
2023,-239.76544981832254
2024,22.664213345994867
2025,85.4307247956758
2028,-86.88485868581479
2029,46.555323036023125
2031,148.3705486913325
2034,207.4893346439011
2036,72.28945923950455
2042,85.38549756204664
2045,-15.273454258449801
2052,-123.1632640331844
2053,-121.29982520728258
2057,-101.14858558229822
2059,73.27548396489301
2063,-151.56369213881294
2066,75.13560146097582
2067,-100.0886512737299
2069,-114.10622347016398
2072,26.91387467480432
2073,33.559154614056595
2077,30.69864734271674
2078,-9.876334093772028
2080,7.137120108184677
2083,-67.54229029357488
2085,-3.9433526269354626
2086,-45.9733058156955
2088,-153.99585022903844
2091,-265.2708293156822
2092,122.61897978438601
2093,12.264892870959288
2094,-186.66926333151667
2095,44.151985156528596
2096,116.50220931074823
2097,-0.11922337579225761
2098,56.77170366092288
2099,-74.48527394710887
2100,205.10878965141202
2101,78.4047934765676
2103,90.25131955974068
2104,167.4346252077778
2107,137.66275960641536
2110,112.02088710738566
2111,-539.3006913463997
2114,50.23815552461157
2115,-20.621443115309134
2117,97.86352736319476
2118,220.24673944236594
2119,-37.17441873457095
2121,72.1250936432506
2123,-155.34739177932826
2124,57.31916735326725
2127,156.6616251524532
2131,53.864678851399006
2133,-151.82663968703633
2135,-0.8723642852802538
2138,-209.50039972843751
2142,1.0723352140720284
2144,-79.69571474361628
2145,-43.61554379967748
2146,183.01635868999676
2153,157.61933023283058
2154,-193.1420576679282
2155,-86.45829476571872
2157,-262.7325908458758
2159,251.0607293946058
2164,107.49813822409372
2167,97.0427150590305
2168,37.58430686703905
2170,137.08692502929117
2171,-29.672436161685198
2172,38.55554997566708
2173,145.4004219103616
2174,-279.2074609788562
2177,138.68537239490178
2178,-79.46144063991575
2179,-238.62653610638577
2181,11.980722041687459
2182,-188.98212239859387
2183,106.45383426267163
2184,189.49138982279203
2186,54.92031993884923
2187,-229.9963133428055
2189,62.454989596225985
2191,60.21412342222031
2194,189.92522167644492
2195,205.57458458571668
2197,-174.58036352550252
2201,-40.85239202030702
2207,-80.40455957859756
2208,-98.01075598316122
2210,-34.130084772172964
2211,264.8761943631368
2213,36.353275922865706
2215,-117.00785424704948
2217,-3.4432870264192683
2218,-56.51437982334953
2220,101.8813469623074
2221,-14.699110076612596
2222,13.806809165332895
2223,-315.01327552837796
2225,-142.1047245349614
2226,271.95186094625245
2227,-245.97818318864677
2228,45.68140676896904
2229,-223.93090022014957
2230,124.80632668239461
2231,45.420263669779686
2232,308.5518417040037
2233,170.74376320077323
2236,-244.13223228171398
2238,-29.27212596093365
2240,-221.89224792918756
2242,52.315872268736584
2244,326.4355317672666
2245,-39.17844123399816
2249,-106.81319457562505
2250,-124.29261596393808
2251,-108.74586430145844
2252,-103.18714218129982
2254,55.91099002052802
2256,-80.36441509219928
2258,43.66451622143184
2259,-138.5319907118389
2264,-45.2919370742557
2266,-48.893390870314434
2267,8.48208969358099
2268,-20.144945775983544
2269,-129.8028620998996
2274,-38.47675586737948
2275,-40.78110773033502
2276,-66.6039474946994
2277,-115.13381382729814
2280,-129.34133550837728
2281,-27.804829312167882
2282,2.378183131200517
2283,206.85492076612223
2284,125.89538152527872
2285,41.4480062073947
2287,291.78420995679517
2288,29.43546160101205
2290,27.964232365953777
2292,9.29460010413466
2295,80.67257638533657
2297,-16.103568349946144
2298,-41.35150983238056
2299,-60.935682069364915
2301,-9.68661607503064
2302,-88.02510402063417
2303,-157.4751741098994
2304,-33.67097090353444
2305,-35.49931196118594
2307,49.411633687430125
2309,-45.326155609012105
2311,-124.44768301727949
2312,94.0054869476463
2313,-221.42724925524558
2314,104.84576668877467
2316,-39.26370129727168
2317,72.79291132999218
2318,-181.48797865761887
2319,-277.9862529915453
2320,-103.29725150402872
2321,73.98436762788303
2323,155.9202812100242
2325,-35.21624954950782
2328,-19.876970867510423
2329,-138.87248984866798
2330,-236.97569885454212
2331,181.00051195073792
2333,-15.63319805231849
2337,1.3114274696335588
2339,-44.542153703183274
2341,-99.04979413100021
2342,21.332971926320155
2344,-149.09395498141848
2346,-116.91367508113508
2347,54.04197118251925
2348,-43.595018589523775
2351,119.58898885281381
2354,-33.575926389124206
2357,75.9034303218828
2361,-302.93690683058793
2364,97.30341928086831
2366,103.35369704304664
2367,-252.38203376756547
2369,208.4604723832194
2370,56.147820203358165
2372,-309.26180220142646
2373,60.68062271169215
2374,54.865729022159414
2377,12.45923929668358
2378,-83.30883636218117
2379,-128.87251756889563
2380,-247.44669044707365
2384,176.5087799085396
2387,244.23739968803886
2388,118.75678296315367
2389,-103.03824205654034
2395,-88.35172153670815
2398,-298.7242992667987
2399,103.31550714417214
2402,3.361038210691662
2404,-94.51396312204587
2405,21.284597204816905
2406,-55.99741199203568
2407,-259.2054252192772
2409,-3.7279835952135567
2413,194.12134715070857
2414,1.576408796763916
2416,-101.22889089722743
2417,128.84235484126452
2418,16.521612645341108
2420,-196.46151932266525
2422,-130.45105993124105
2423,-120.36329668085467
2426,203.31378922059824
2432,-30.972877755130455
2436,142.72963184836533
2437,164.06136113194358
2438,-97.67660509700379
2439,-101.4459366440084
2440,-131.50184426213556
2441,-37.46423352565692
2445,-27.062196023908072
2447,-50.78822799558996
2450,35.03182420911999
2451,-14.828258065839874
2456,119.2194949652377
2457,182.22381503992267
2458,-425.23891105483756
2459,-237.76979173981286
2460,76.47991500613496
2462,106.54670522310458
2463,255.06426974958353
2464,-170.9020228936547
2465,0.12780217901370072
2468,56.32581051388895
2470,-35.78172952860665
2471,99.0559328276557
2473,79.52179218884136
2476,-112.14155260686125
2478,-5.73385424203782
2480,57.49040527965444
2481,-299.997719761016
2483,-117.16069523894627
2484,-107.81765857452307
2486,290.2420454928359
2487,-93.82687394448895
2488,3.8301371536750697
2492,151.43037679770097
2495,-53.16245536814553
2497,-99.38339892645145
2498,-28.746907834211484
2499,-251.1136979398516
2503,-7.940364864766151
2505,-67.16521143611338
2509,-171.85956085405104
2512,-56.95730554189102
2515,8.771618245861207
2517,139.7362778841351
2518,-103.69298873993687
2519,-62.18081863347784
2520,121.99188546809405
2521,-217.4936774875212
2522,-236.91129468735426
2525,-10.113383631995488
2526,-196.14070249051196
2527,114.3947788321206
2528,-178.392009770795
2531,-19.230490928960577
2533,-310.5523077494668
2534,-122.71972851063909
2535,200.08069310514313
2536,-66.36206985734061
2543,220.3988839462053
2547,-77.93076813901398
2550,3.414762753666979
2552,137.70826532707886
2554,198.2160225444569
2555,-111.5275566299333
2559,1.2722757132845448
2561,-26.460071001039765
2567,111.15012249176313
2569,247.1975275590468
2570,-130.308093346178
2572,55.8457252439177
2574,52.72678157246834
2575,100.53311818768223
2576,-60.55288455501808
2577,-92.47346691075042
2580,101.52497476608575
2581,-17.806450279439602
2583,180.043045129758
2584,6.026182860034213
2585,42.180418757335545
2586,75.68552296738811
2587,-265.5424762336884
2588,103.56780418693158
2589,221.5618770327498
2591,-5.47129875886135
2592,72.76194466440215
2594,-164.0950915579196
2596,-121.79598443298029
2600,-116.91321127686068
2602,-200.9379325366156
2603,-348.48163988135843
2605,-85.36740698784088
2607,40.89237820230228
2609,-115.99761431549304
2610,-110.18753748192704
2614,-240.83373096176254
2615,-133.01238439947946
2617,-43.030860141484155
2619,-151.07806621566078
2623,93.67836886479206
2627,16.090025188964987
2629,23.052026526442248
2630,13.307367773212336
2633,-31.101102131444478
2634,60.963718835106235
2638,-255.12472458655083
2640,-142.504407807617
2642,-21.127302730740908
2643,-220.93198978094145
2644,186.5863188383505
2646,15.432438205981201
2647,-50.528702684366536
2648,124.27073273432593
2650,-211.68392279830493
2651,205.56331229262847
2653,84.07720888473973
2654,-119.78479173607836
2655,36.331215372926934
2656,-289.2854191786825
2659,192.64919114846273
2662,86.72019278703662
2663,-83.90282980648142
2664,34.757318536479445
2669,-121.73476850129687
2671,255.9010359753564
2672,31.357731154504947
2673,-226.98312946562794
2677,-176.11255866530252
2678,-50.81026773006771
2680,-18.861608565536145
2683,-10.282964913207293
2685,53.000327743596145
2686,9.308243013686836
2688,-9.76328059583342
2689,92.34859936762022
2692,-17.113589397512285
2694,17.298970608328446
2696,-235.27026675759356
2697,120.30543279505939
2698,80.48303280290209
2700,-15.515891126600037
2702,-86.27593380637485
2704,-115.60156000677965
2705,168.06471743401815
2707,61.600277122170255
2710,15.068370757043782
2714,56.196931024291544
2715,-71.21004731256143
2718,-73.15925288519209
2721,-79.69873924118166
2722,166.4636506709845
2725,16.697977751631683
2726,103.4854720221109
2727,-16.17121028841389
2728,-182.4427122780981
2732,-7.56837784229735
2741,-273.9937987788709
2743,-124.86179336386162
2746,89.9814218613299
2749,-237.26464088539404
2750,-128.71893273888293
2751,161.7928340583543
2753,-9.447960084673111
2754,-117.2572393491754
2755,49.16419104005611
2757,-23.144431939468674
2758,162.05526159627837
2759,19.54182982396229
2763,43.112712638935804
2765,-158.9230705709752
2767,-34.941953519897154
2770,223.03334232082452
2771,7.736910822236483
2775,182.3141064325496
2776,-175.82720759056835
2778,110.46841825936842
2784,259.925551156406
2787,-131.21917568439972
2788,-16.941732320583228
2789,-44.65897019298636
2792,-20.22952265277597
2794,277.0302727712091
2796,-70.95115713737262
2801,243.77704290847305
2804,-86.0988441211194
2805,222.49873198126352
2807,57.37181315021327
2809,88.56566276234527
2810,79.75788547754344
2813,-5.005798808012441
2815,-20.506055591389597
2817,-203.9185023244714
2818,10.47616417468011
2819,215.13894498897184
2822,-93.48842340618891
2826,-62.11189043935018
2827,52.074844361934424
2829,-183.5109173973382
2834,178.68383778453187
2835,84.8443094374167
2836,7.09672403822792
2837,121.33005936296983
2841,-32.53510273935221
2842,-40.97404763433788
2843,-33.36899034858767
2845,-221.58809261427976
2846,219.6038803641563
2847,153.05325430963788
2850,27.770267799795008
2851,-15.413397011497905
2856,-182.38640206248132
2857,29.304081819951094
2858,-4.659632688179483
2859,-31.110713209905427
2860,-124.33005804313773
2865,136.16011508434877
2867,-97.03920965788076
2873,2.7553880755599653
2874,177.65621050034892
2876,-36.25977815361246
2879,-152.30053227061285
2880,-19.69427633955057
2881,-175.21035707997413
2882,349.4807028043691
2883,92.83250535058896
2886,117.64323117316455
2887,108.93322820238573
2890,-96.24965343175019
2893,-119.95229178409197
2894,20.423908687116622
2895,76.87885409227341
2899,128.26746433806008
2900,128.74916868475657
2905,27.281350938196724
2906,34.69095351754926
2907,83.09391258082722
2908,-213.29497824816525
2910,-67.92334305799538
2915,170.77381431130902
2916,51.25262028978226
2917,-24.93228316291747
2921,-247.85817110441855
2922,95.41281008327759
2924,111.5993309977871
2925,228.35914610971295
2927,74.96774313672562
2929,18.696427096810467
2932,19.70927298170595
2934,-104.44049180024756
2937,65.02269059856748
2939,-264.8088509349182
2940,27.082945737750677
2942,-67.57958714816296
2943,-56.367412360144996
2944,-4.2924135382870485
2945,-109.03199101010615
2948,-164.30877165177685
2949,157.02908230030087
2951,-323.06276450404374
2952,-60.29873089151964
2954,152.24004567667728
2955,-362.3587244365992
2957,239.27408322097017
2960,165.9002652013425
2962,30.997495081657732
2964,-122.0952358249075
2968,5.522088041504633
2970,-221.24818883591283
2974,44.17969911881492
2977,95.192366470978
2978,52.64615403892658
2980,-174.90280655712257
2984,-333.17413525045225
2985,-80.77912826574926
2986,-69.73250544957192
2989,-7.020477175944093
2990,-260.9403694357247
2991,-181.98548633976748
2992,25.307859612074807
2995,-173.84692293709983
2997,-111.85539835402791
2998,53.90669413117003
3000,18.380010087549735
3001,48.22042468842862
3002,-111.84269278263248
3006,-116.85281155086695
3007,-82.09576260712886
3008,44.414461308076355
3010,-264.48096080816475
3011,95.66298852435428
3012,11.084492110333473
3013,-57.5218213609469
3014,35.62968776356324
3017,192.62652838325528
3018,126.90364126041469
3021,75.59681213423822
3022,77.85151076617318
3024,35.69697285264142
3026,-81.61500081954175
3027,176.3747135882629
3035,-98.46930298412873
3036,-117.43916537428099
3039,71.50345985051216
3040,83.24549824574002
3043,325.09968687302904
3044,-21.94865403609971
3047,-78.88281119565902
3048,-65.25573831767856
3049,-34.50566401903414
3050,-78.76700608943618
3053,308.44412382236453
3055,-154.9691328293766
3063,9.288990236863656
3064,13.931867835755826
3065,-21.50119004294355
3066,-273.23508862711134
3071,-57.86041495462162
3075,-33.079369796084464
3076,-202.88928269782122
3078,134.96659135844217
3080,107.96114969239379
3082,-53.51389912130564
3085,-138.4205519407461
3095,40.029640104172685
3098,-174.82004378980662
3100,-154.6618700230528
3101,142.505592925183
3102,-150.3162187894365
3103,-138.30040375237203
3105,69.31228463024321
3106,-110.58937617113024
3107,206.1533432591654
3109,-85.50248353780005
3112,-106.27492223358244
3113,-203.79246320250095
3114,-213.12427198868457
3116,-181.04351614704527
3119,-121.95238731197666
3121,-134.94971206927286
3123,253.37177487260368
3127,-82.32331430251118
3128,-155.2408561611545
3129,-271.53314407739197
3130,-76.39229453752266
3132,-89.33984983123865
3133,25.85702156862537
3135,142.14863253195682
3137,255.30711805678183
3138,58.2544215976357
3139,6.93269765426645
3142,87.41678805722348
3143,-194.8345643068124
3145,151.49697330435296
3148,-26.92845296875059
3150,-9.647559523284185
3153,166.7340991599513
3154,202.7444575953322
3159,-108.48749518005322
3161,92.79221396540272
3162,-48.93922447840619
3163,-11.665575058759925
3164,130.0876262848487
3165,-32.95734081868143
3167,122.90243215076121
3168,-38.96405000260371
3169,-65.50570510351191
3172,-162.56538671210959
3176,95.3454792604905
3181,-72.52436746356422
3184,-59.51939152348943
3185,-307.605593348656
3188,-85.74790068895346
3189,178.00867302552066
3192,-173.42072795442036
3193,-201.81782237896235
3194,-26.01736103164386
3196,65.82361318422791
3197,-147.10887798898779
3200,-10.277097837498287
3203,96.98182324821865
3204,-25.704599272423096
3207,31.5706016618948
3209,111.07115700407859
3210,-168.89544586305917
3213,-154.38725470113167
3214,-103.37284912299894
3220,-197.51966419694284
3221,2.71959768480575
3225,-65.9741877182134
3226,-36.4486869433038
3227,-34.66986387886318
3230,-101.11936079279668
3231,126.81108637737223
3235,-210.885702452678
3238,23.516246174116233
3240,35.17190286929936
3245,79.79708582834984
3247,-107.5425740807891
3248,-10.616155220528396
3249,178.7947694503541
3250,-157.9800446835532
3252,119.13273710824664
3253,-18.371139825712092
3254,-145.75274777450053
3256,-11.351406371345389
3259,19.36479648987175
3263,-16.169102956382872
3264,11.932195312603413
3265,34.67812217826834
3268,135.0806120991807
3269,-113.38402367285163
3270,0.7825715787690957
3271,68.58136276863847
3274,249.78522377820656
3275,63.31590940317109
3276,21.405440549829777
3277,13.276648663572177
3279,85.41728656101647
3286,-46.03237088151549
3288,192.41554114876672
3289,-275.7331262462308
3290,-70.82444826911903
3291,36.48916518470783
3295,-146.6517831042407
3296,293.87659916872286
3298,227.3163735192054
3299,-423.14582054536925
3303,-117.98291783672273
3308,-42.141419016080235
3311,-12.494934877736126
3312,-163.82019518193988
3316,67.55352725216771
3317,140.9412207109013
3318,-1.902389098283022
3319,355.3238774153848
3321,-73.46139942913608
3322,-135.72179240711998
3326,54.17096490670049
3331,-299.63808399683836
3333,355.5116397069907
3334,19.92019113883883
3337,23.680772633162988
3338,-161.06884792623757
3339,124.55600288354067
3340,-191.01819881138363
3347,86.44195678489082
3349,99.1169233888619
3350,-60.70679031651348
3351,71.16596254404435
3352,44.37549819492499
3353,-257.1206290142332
3355,-102.66990144129834
3357,15.601923904340412
3360,-60.00519563918364
3361,32.23980692956867
3362,-231.9697246238246
3364,125.24910547211853
3365,-227.34278223940638
3366,-135.88749309050786
3371,-25.516832071956387
3372,55.05544327153346
3375,187.78561439446682
3379,126.85478394909681
3381,21.395091121686548
3382,-102.7646462485311
3384,33.64194804377492
3388,45.98307145903506
3392,62.042857117643294
3393,-264.42525738049477
3398,144.33797803304125
3400,-104.83788415664633
3403,33.645774865492356
3404,337.9693097889847
3405,-160.4659146584226
3406,170.1285354626876
3407,-250.48542782183836
3409,-60.26243795011659
3410,146.72483574535596
3413,-63.5468493447507
3414,44.339154537662196
3418,11.971298137113921
3422,-164.94227115137008
3423,169.20368998640018
3425,7.272577787530212
3426,-334.4285575348391
3429,-82.3278913865626
3431,216.49934062573936
3433,-295.3953000273367
3434,-215.0878052740576
3437,-93.86688038093148
3438,226.13374297496793
3439,-374.0089988920842
3441,-199.9080520270529
3455,137.39849821285486
3456,138.8331152748652
3459,150.10314175916048
3460,130.0902897284841
3463,93.6031431928438
3464,-231.68139847688576
3466,-12.099222771409286
3467,-100.29464553780177
3469,-178.90103179259447
3473,198.4787624628847
3475,13.989223157404483
3477,-111.69083158039705
3478,-40.218338461312854
3479,-140.23553117663073
3480,-26.92417929188717
3482,-322.0647060056798
3484,-198.15331209699872
3485,49.795855899445414
3491,-156.92749198776662
3493,108.58366787023944
3494,-195.51437563668233
3496,307.036632951709
3497,72.0783481082163
3499,-212.97250982842803
3501,-25.548191485624116
3503,6.772291258859001
3504,15.499032764484314
3508,-121.1384212352303
3509,180.90352133217064
3515,-127.99362074783834
3516,11.392764390924912
3518,12.595100662393962
3523,-50.755193376575235
3525,131.2071142312515
3526,-77.93715415393883
3527,26.781568382524867
3528,26.48092086126688
3535,-12.42745309880358
3537,181.8999961949195
3539,-42.534204560206504
3543,-192.92750128741415
3544,256.0784430874981
3545,72.83776673986249
3548,146.03776323938092
3550,92.95079714561017
3552,32.200826470727534
3554,-208.38945157178964
3555,138.15754283282524
3557,-8.961955523294746
3558,-72.74264154220769
3559,-286.06728982957316
3563,-50.50729446376654
3567,-37.15985766097951
3568,-109.05405450481778
3570,-15.245808842617476
3571,9.71037213326433
3574,70.29692327144669
3575,69.41706198110943
3576,-77.7510257509605
3580,103.666703265989
3585,155.77197074606798
3586,82.8666370561868
3589,-18.032970806659804
3591,-32.23045162950318
3593,-284.8198307451539
3595,-77.34487373728454
3599,-140.2304960094013
3601,22.224030664737015
3603,-4.56721659548411
3604,112.30111414290074
3605,160.2966912990927
3606,24.86074494425911
3607,-92.71613123625964
3609,32.62102157146701
3612,-377.0902109995033
3615,-21.59800983929337
3616,-89.7015150301378
3617,-21.810852637425384
3618,82.18514735794993
3620,-90.66727136470381
3622,-98.03835933718314
3624,117.79968143815769
3625,106.611705007731
3626,95.26358909491212
3628,122.93489344499768
3630,-18.992318642742546
3631,-180.9525522083974
3633,81.53682191501436
3635,-136.54057697527514
3638,-13.795157506635588
3639,-75.69428883457537
3641,104.90391965779388
3646,-167.31380274719297
3651,213.15885876002423
3652,-237.76608107681358
3653,257.23101039263804
3654,66.44725789519372
3660,-139.88897144654118
3661,158.95652952521925
3664,93.70089874295427
3665,72.72820114511636
3666,139.13608476788144
3667,-81.98924820367607
3668,-40.07768233342979
3670,-2.5676298584618973
3671,77.58430255766224
3673,-284.8644035410329
3674,-123.76146097270491
3676,-15.921617433202682
3682,7.828193097163835
3683,-25.06955469327424
3684,-200.5076719031005
3686,7.227290407281332
3688,-100.35226834740133
3689,-83.1858949025967
3690,54.48831449579514
3692,50.66448475778704
3694,13.670173455935798
3697,-55.972335164517816
3698,-13.037352040140162
3702,-64.69756425665834
3704,246.9086700505144
3705,91.82751103414178
3707,-79.95689783904079
3708,36.8754625738422
3710,-99.1132774279955
3711,-150.2410354282955
3712,164.93734306106975
3716,-96.86483518391664
3718,88.52988409300777
3720,20.50082251255897
3722,97.04563488004082
3725,-15.120914582639655
3728,58.46918047886733
3729,3.333698930882962
3732,138.8549170051096
3733,31.901666817923584
3734,-236.45692931867657
3739,-9.313880095256861
3740,98.48094636010798
3745,-190.39119893113883
3749,99.03163449598979
3750,77.0240764035746
3752,128.84604053609215
3754,-43.48887838671804
3755,-11.506879199116652
3760,-225.96498418995407
3761,-123.06990212464991
3765,47.43023060290183
3768,119.92123266771195
3770,-62.33959402698851
3773,1.5921166981298587
3774,-210.9469852270926
3778,-191.98397888884978
3779,44.192230438042955
3781,-248.07876997993316
3782,-328.680775241903
3783,80.3639567452732
3784,148.08673248930887
3785,65.54260964701969
3786,92.28390149826579
3788,-14.487270239759011
3789,-53.101796621422906
3790,123.84546353201331
3792,-17.400266200123085
3793,-205.81574098423363
3794,175.40527049627676
3795,126.10651837225306
3800,72.53709712106108
3802,67.94364784328856
3803,290.19197334972273
3804,38.319912942265816
3808,-192.1618115368584
3809,241.64201207982222
3811,68.83131108382999
3814,197.7849549724677
3819,91.6148301260355
3821,-25.240471178969514
3822,-84.01730778342379
3825,50.13486959317767
3827,-127.06713144404007
3828,-21.1303503768698
3829,21.367943003837198
3830,-30.903617116522568
3833,90.6234206915717
3838,-204.98907395899818
3841,-247.96182669456897
3842,230.37306450807048
3845,94.7031762004272
3846,-43.4092780634265
3849,205.22950571095194
3852,-235.96380659217127
3853,-197.46371422984134
3855,22.058525301061437
3857,-65.71703899611889
3858,-59.134797620393286
3859,23.775702141548166
3860,-77.66150622972317
3862,198.80885602222975
3864,191.85610878406652
3865,39.94790516835418
3866,0.5727229075939579
3867,-232.1117642821476
3868,160.04145769018515
3869,98.53248427721415
3871,169.10927110733252
3872,284.4585033775273
3873,-103.94331900350163
3880,24.89504523336511
3882,199.48283460762983
3885,-271.6785536276921
3891,-120.38993800111011
3894,-71.53375424281954
3896,-80.97903749223131
3898,68.86793409201967
3899,102.85923123950992
3901,87.38805198947823
3902,-20.50243268780541
3903,-83.34682053201676
3905,-303.93285590234757
3906,103.61679986333162
3907,-62.1728909766958
3910,212.82828358013194
3911,25.616664133375323
3912,45.90507168994414
3914,-5.5326457898216415
3915,-220.05571739589936
3916,-109.137194582813
3917,-47.439173993054126
3918,-149.4438779793771
3921,-106.4228905867562
3922,-48.366753888391386
3924,22.723347241280507
3926,-151.47620444956377
3927,-78.54160915274959
3928,-5.030190621119727
3931,-134.86957925548955
3932,-40.09419803538354
3933,193.6019290765421
3936,-54.42101986259415
3941,-144.77772975447243
3944,-127.71963528669234
3945,32.44768298096626
3946,197.34185979517014
3948,-6.75305032366502
3949,-224.93649360001814
3950,-131.12447419707414
3955,-28.0656121892181
3957,23.982112883811638
3959,46.187408833167595
3963,-96.42794902808028
3968,-59.181366676553935
3970,-184.51885643127056
3972,-323.2398749631102
3973,291.02538023223866
3975,-194.56266419564776
3976,-46.05902495941736
3977,-23.61804512268951
3978,93.08617482284906
3979,19.051044314807612
3980,-159.65764756908104
3986,-108.28122999057008
3988,-7.629444259116111
3995,-58.8947444162486
3997,321.30229065069216
3998,19.241773193788063
3999,239.19314303895837
4001,-49.63469462302079
4005,-171.1125968945384
4006,140.19266276850541
4011,-57.32216694853058
4012,76.05593754351118
4013,-190.98555976784564
4019,-69.50794347838458
4020,16.095428070128364
4022,-175.68802221270886
4023,177.08759129710495
4024,130.93897373242723
4028,-126.49881130883507
4031,150.9674716963816
4032,-34.26312640394109
4035,-81.73749258137177
4036,-96.63219695289779
4037,14.213355134202873
4038,-47.34200283953892
4040,-25.5612127073921
4043,98.2040137391442
4046,-196.02093964456793
4047,157.33605988247584
4048,25.291757644859686
4053,33.99885190964444
4054,35.77904923924741
4056,-60.32271335014802
4058,169.44631821528407
4059,45.42513096502428
4062,67.53508406554441
4064,-121.07631094833162
4065,73.96507048277196
4066,12.898898242680348
4068,34.70637799957716
4072,-1.9402517462209925
4073,-141.3396658715763
4074,-109.13187758909989
4075,-117.39336395696874
4076,131.51638273900042
4077,215.37674576081193
4080,-68.7196276380394
4083,-138.95377701073272
4087,5.576785405298823
4091,35.22386465639629
4092,157.63865179114774
4093,-149.47873867820314
4094,-155.09475935574275
4095,-33.55558555263248
4098,121.05782253732745
4099,-5.2574299292364355
4103,45.67573202847679
4105,-32.477426862689285
4108,109.01257376628946
4110,113.92000407222149
4111,126.05453729860399
4112,-17.854956837273775
4113,27.85956239239472
4116,22.0734671079462
4118,-65.07987317587659
4120,-109.77687591466282
4121,-82.92617913964223
4128,31.319299767802207
4133,177.49611715333162
4135,-166.66476234914134
4139,-33.4420672650448
4141,66.91666020655826
4144,87.83480067144036
4148,-73.88114605794028
4150,-9.000022220466361
4152,-93.00564021778662
4153,86.42437059429578
4154,270.1087957851219
4155,304.05787097412764
4157,156.9313073970683
4163,-312.2052912058064
4172,-34.896864432786415
4173,95.70411206208955
4174,-107.86019629757543
4176,-96.49416402562566
4179,-129.02123358375138
4180,-135.7798540782463
4181,26.757962917751072
4183,73.97941058980312
4189,24.780475856141678
4190,110.24650944130805
4192,62.875420062028084
4193,83.3995970933665
4194,-34.44865164265302
4195,-95.1374601993593
4197,-156.715286410026
4200,-43.07718943835208
4201,-32.27740279264394
4203,-101.37236650323094
4205,-102.79941244031458
4207,168.6490849746923
4209,63.84131728822406
4210,-32.38471672176432
4211,74.77466427748605
4212,-101.992692310392
4213,308.88893383859954
4214,102.69492729205099
4215,-130.7818299279825
4219,193.79687347401133
4221,-35.22909167055842
4222,166.46280855601773
4223,102.23585611237208
4225,55.00195032129061
4226,22.571910703503463
4227,255.858450905726
4230,-1.554641522779134
4231,-82.26360962505107
4234,75.75167812309483
4237,4.068810445399025
4239,-116.7361128683102
4240,70.9893656549987
4241,40.747604906267114
4242,-59.79477274300923
4243,-275.31686743900326
4244,151.5856987917235
4245,-112.73751695473074
4246,-36.15770897985574
4247,30.157393076608045
4250,318.6358121415141
4251,-101.55647110881979
4252,254.58018755533112
4253,-9.067171306364044
4254,123.89170323645673
4255,135.3817155441996
4256,201.8603460734657
4257,114.41160116991368
4258,213.27072350545092
4259,-225.89997825549315
4262,-195.66853875944864
4264,-50.565788240652
4265,135.07628129882892
4266,-184.2739797525529
4269,-30.4303738642311
4271,72.77957498747189
4273,-67.28391986132188
4274,-165.39951522847048
4275,-265.94947317939005
4277,116.74787932067672
4278,-119.84654521855192
4279,-124.80693291381696
4281,-170.94639751852097
4284,-122.67887079744001
4286,-301.2205560452752
4287,120.83176155919351
4291,-176.02583220994887
4299,153.96541066621722
4301,-21.587756258616295
4302,-19.429581556376817
4306,-97.56844629651495
4307,94.94813341160405
4310,11.705126929274359
4311,76.38402898910665
4315,-120.9345118177299
4316,-48.05083821881344
4320,-89.15356023305004
4321,52.51070917843374
4322,148.1784275495512
4323,-153.85575375393293
4324,48.43409916460989
4325,-115.95123189501489
4327,188.9304640963271
4328,-183.07102172912542
4331,44.711021805807675
4334,-33.025158016068204
4335,26.06637978819832
4336,32.36300262691434
4339,-125.08270969051922
4340,119.97285827909731
4346,102.4873751968711
4347,65.37886636189936
4350,113.43766387784483
4352,-54.02453070969294
4353,-1.4850450901950136
4354,-72.90328470093625
4357,-42.94252397420546
4359,-208.2301597019338
4361,2.914603075982386
4365,174.40657000352553
4368,-93.98850540638644
4369,5.088079240681951
4373,-199.6549125017885
4376,-136.4007245578706
4377,-188.89941736277777
4381,-37.31721471550573
4382,-85.07159275641213
4384,160.15195686350944
4385,-73.2606945202164
4386,-90.8222070560851
4392,-105.04820773485754
4395,228.98207370818204
4397,-72.33471660973943
4402,-156.77983436311143
4403,60.61289466031978
4404,-47.40803926430176
4405,44.69096214127454
4406,8.613677246974577
4408,-64.85132105543703
4409,-51.32831892756825
4410,-4.064197271376868
4411,-77.41064756748519
4414,259.6828267031976
4415,42.56347753493834
4416,-236.80619216852307
4418,-324.9575942726411
4420,40.10251111384137
4421,-143.1163029488448
4422,-288.5181331732654
4424,70.0513820720008
4428,19.91605910590225
4430,-11.998139793378511
4434,28.974010618368922
4435,225.93677818055633
4437,-204.54213775009424
4438,-1.9455100433288077
4439,-145.16528741583357
4440,-1.3449912503471193
4442,-155.97889672194873
4443,-4.164340355135165
4444,41.3043191959368
4445,-241.59089989206305
4446,44.243355553872206
4450,-99.52825679110249
4453,108.56714507188774
4454,-20.583608023796458
4456,84.13509123025572
4457,66.72052378721934
4458,11.12773211919644
4459,-172.48982521324785
4461,187.73816485388596
4462,-15.39939163245482
4463,-204.26432114507938
4466,151.17091735358983
4467,13.501366450885728
4470,-27.799280391412722
4471,-74.16869592564966
4475,-204.03145843963011
4477,-172.87386892214138
4478,118.46187304986402
4479,-31.323663964024846
4480,182.30484596725967
4483,-13.417460463767851
4484,189.36644539699188
4487,-124.66682431983072
4489,17.730619261396683
4494,109.53318648620255
4500,-174.61785155710396
4502,-115.18242705344868
4504,-204.84734543201301
4505,-128.6635911393452
4506,52.495001258205676
4507,-197.896773542782
4510,56.40192003648529
4512,25.116983800949825
4515,204.83420889615147
4518,-63.461632611046596
4519,107.44889453275952
4520,53.48991560718041
4524,102.85237123364705
4525,-233.90139411597534
4528,82.86256910495989
4529,-180.0990493050349
4534,55.053674897118825
4538,264.0631559469692
4539,-151.12030534470793
4541,43.59131015544743
4545,5.105330703563327
4546,30.685734401936188
4549,-97.34401923882912
4552,-30.632213278029994
4553,-63.58045700311213
4554,269.95580883173835
4557,-2.01006768534843
4559,102.8627156908454
4561,323.28503602284553
4566,183.73646524518819
4568,43.62737448902594
4574,183.5771489990964
4575,-79.05308321620824
4576,-23.770584990002064
4577,-169.97241658979664
4581,-30.362062692837625
4582,-180.19479243665018
4584,-142.86240485572088
4587,31.29918274319897
4588,92.1912005197038
4593,178.66525646114786
4594,-9.275101518312438
4595,-64.8115168075823
4597,-100.06959620089383
4599,-171.46334644641675
4601,194.23452565781292
4605,-343.1020328676397
4607,-45.53739278368512
4608,-93.24691632490682
4610,-21.13287118875168
4611,64.1609771277001
4613,25.302549310334356
4615,82.90259236299259
4616,101.73086096399423
4619,-84.26239571235284
4621,271.1265453446679
4624,203.84474963137498
4625,67.93669126702751
4626,-35.7318140667618
4628,78.14592749396068
4633,167.5498766071875
4635,-142.46559828569636
4640,-125.07935270501646
4641,193.07887353074804
4643,3.2130261966017475
4644,-145.8923669660864
4647,157.62181924743038
4650,89.34071310843909
4651,12.213190523275374
4652,7.05428060604355
4656,-135.70180184933838
4657,2.274260167982918
4660,50.95125383494424
4662,374.38070655897474
4663,319.2434822683783
4664,32.4676206304042
4666,-190.0227513514555
4667,-7.617033193053386
4669,-38.76406519905642
4672,20.95085131291411
4673,-53.370924989622566
4674,42.095592412689044
4675,162.6122003182795
4676,27.963524890026846
4679,104.43344773329683
4681,-172.02476459594223
4683,154.2928700801821
4684,26.406131627455565
4686,158.85503193285265
4687,1.4998526211006311
4688,-220.42602089875393
4691,-82.48112519189975
4692,118.37211387482331
4693,-92.51433503980861
4696,46.11960063473036
4697,-278.92910198123496
4698,-88.58747437019578
4701,-129.54510842202774
4705,-78.74094082370134
4707,-46.48198608988612
4708,-49.5352373594457
4711,44.249802229281684
4715,-62.74417700215788
4716,3.6569093044732472
4718,-236.57675655245365
4719,-78.90316713300486
4720,18.00508997741146
4721,-50.83245605988752
4722,-73.90710235142798
4724,-90.97758991528873
4729,82.0143002229946
4734,86.73534108463942
4739,31.96280325435505
4740,-3.0222339154250175
4741,94.14901259760283
4743,-128.9664279730552
4746,173.22851215168288
4747,-17.847744475886074
4749,12.819034915230633
4750,38.36813573271833
4753,168.9242231943868
4758,-170.61646750665673
4759,98.53194360238182
4760,-41.67433524939072
4762,-124.6951943082296
4763,-370.101742250415
4765,-124.83952340039438
4767,-103.94608072817589
4769,-89.35650492231424
4770,233.3229267502827
4771,-42.78027869798812
4772,-182.72501045001945
4773,-48.171126952990406
4774,-242.60104901629163
4776,-187.10803214154382
4777,-114.08319717072906
4782,70.17837794717131
4783,112.88284692368056
4785,-124.33474018513634
4786,77.76035990781638
4791,142.43007475206912
4793,-230.57328140693403
4797,-72.0325151680605
4800,67.76575279709867
4801,53.155260087134636
4802,-198.62702778800042
4808,17.01380580338501
4809,-160.56965650872462
4810,-268.7952207204612
4811,-74.90867409394407
4812,0.27110411777009524
4816,185.25601960073567
4817,-0.1289239294893445
4821,-151.12923973920323
4822,-247.1725213743619
4824,21.20554236506287
4826,-173.2584663434244
4827,39.54103429526721
4829,-49.528230877701716
4830,73.57770545704311
4831,46.199122550746196
4832,22.84199531280491
4835,89.9110179797376
4838,82.13394835627777
4841,-249.3325290494259
4842,73.24782175668658
4845,224.24993191598622
4846,111.67182669272599
4847,131.37937726067597
4848,-86.5506833444248
4849,31.470011557833047
4854,-44.953543975529314
4855,13.246034736110106
4858,33.88964582860446
4861,133.74271137268366
4862,-44.30121118168772
4863,70.39185963413816
4865,-17.49501469602798
4866,104.42298264450416
4868,-30.291888899607258
4870,41.260496525894425
4871,38.23470541283747
4877,-9.034562653436792
4878,-77.5332599845989
4880,220.1418796324478
4881,-304.20620519287723
4883,-33.55800223766239
4884,-143.45400616368389
4885,-1.143117152288637
4886,-211.18159102370342
4888,-148.7546352050512
4890,87.18515997443627
4892,-178.88280875550578
4893,-32.20328031540022
4895,74.46478858786317
4898,147.11035165178654
4900,177.64656125148048
4901,-37.53893865787474
4902,-282.87310254579444
4905,-249.5081608779771
4906,-66.03668903980609
4909,-129.62023628164403
4914,76.62813748209847
4915,182.20596499221773
4916,-39.9529915982629
4917,-145.03810855360567
4918,77.40310488121774
4920,28.973070093223626
4921,-60.622850506101216
4923,-152.78946249612343
4925,43.50115222281916
4928,50.704558787793715
4932,-381.26800046997226
4933,184.97137322820015
4935,17.771678523156524
4936,74.5816656644303
4937,172.39604558705375
4939,-135.94553917530706
4940,273.14039289894544
4941,13.279965582768243
4942,39.001603393996746
4944,176.9951685341938
4952,-75.9431058345272
4954,104.87443223359007
4958,-37.46408311450038
4959,-21.08260491066234
4961,104.52526182466441
4962,-50.545034752832166
4963,-124.96362711982904
4966,-201.6839632358833
4967,-84.1165352487116
4968,118.12588114777607
4969,-150.3528913644417
4975,38.01968707416749
4977,23.333870863822412
4981,-72.16528198810677
4983,185.77876363192215
4988,-306.1909427786906
4990,-95.56214356737074
4993,-141.3221541251584
4995,178.8485017215279
4996,-166.2761319612267
4998,-38.13649542616186
4999,-175.7517082314303
